{"cameraMode":{"drawMode":0,"name":"Shaded","section":"Shading Mode"},"sceneLighting":true,"audioPlay":false,"sceneViewState":{"m_AlwaysRefresh":false,"showFog":true,"showSkybox":true,"showFlares":true,"showImageEffects":true,"showParticleSystems":true,"showVisualEffectGraphs":true,"m_FxEnabled":true},"in2DMode":false,"pivot":{"x":7.637375831604004,"y":0.21704506874084474,"z":-31.30460548400879},"rotation":{"x":-0.20483799278736115,"y":0.2201264500617981,"z":-0.04733288660645485,"w":-0.9525740742683411},"size":3.1703035831451418,"orthographic":false}