{"cameraMode":{"drawMode":0,"name":"Shaded","section":"Shading Mode"},"sceneLighting":true,"audioPlay":false,"sceneViewState":{"m_AlwaysRefresh":false,"showFog":true,"showSkybox":true,"showFlares":true,"showImageEffects":true,"showParticleSystems":true,"showVisualEffectGraphs":true,"m_FxEnabled":true},"in2DMode":false,"pivot":{"x":1.7443046569824219,"y":16.75389862060547,"z":-36.9099235534668},"rotation":{"x":-0.004214931279420853,"y":0.9478159546852112,"z":0.012497999705374241,"w":0.31862831115722659},"size":95.95042419433594,"orthographic":false}