{"cameraMode":{"drawMode":0,"name":"Shaded","section":"Shading Mode"},"sceneLighting":true,"audioPlay":false,"sceneViewState":{"m_AlwaysRefresh":false,"showFog":true,"showSkybox":true,"showFlares":true,"showImageEffects":true,"showParticleSystems":true,"showVisualEffectGraphs":true,"m_FxEnabled":true},"in2DMode":false,"pivot":{"x":5.828126907348633,"y":3.845667839050293,"z":-144.08685302734376},"rotation":{"x":-0.024226490408182145,"y":-0.08178787678480149,"z":0.0019904400687664749,"w":-0.9963741302490234},"size":4.368826866149902,"orthographic":false}